{
    "CompleterNpc": "Adkal",
    "NextQuestId": -1,
    "RandomReward": 0b,
    "QuestRepeat": 2,
    "QuestCompletion": 0,
    "IgnoreNBT": 0b,
    "Title": "Pescado Adkal",
    "Text": "",
    "QuestFactionPoints": {
        "DecreaseFaction1Points": 0b,
        "OptionFaction2Points": 100,
        "OptionFactions1": -1,
        "OptionFactions2": -1,
        "OptionFaction1Points": 100,
        "DecreaseFaction2Points": 0b
    },
    "RewardExp": 6,
    "QuestCommand": "",
    "ModRev": 18,
    "Type": 0,
    "QuestMail": {
        "Sender": "",
        "BeenRead": 0b,
        "Message": {
        },
        "MailItems": [
        ],
        "MailQuest": -1,
        "TimePast": 1720917347843L,
        "Time": 0L,
        "Subject": ""
    },
    "IgnoreDamage": 0b,
    "Rewards": {
        "NpcMiscInv": [
            {
                "Slot": 0b,
                "ForgeCaps": {
                    "customnpcs:itemscripteddata": {
                    }
                },
                "id": "mca:rose_gold_ingot",
                "Count": 10b
            }
        ]
    },
    "Items": {
        "NpcMiscInv": [
            {
                "Slot": 0b,
                "ForgeCaps": {
                    "customnpcs:itemscripteddata": {
                    }
                },
                "id": "minecraft:cod",
                "Count": 24b
            }
        ]
    },
    "LeaveItems": 0b,
    "CompleteText": "Gracias otra vez papu, toma tu recompensa :3"
}
