{
    "TransportData": [
    ],
    "NpcsTimers": [
    ],
    "FactionData": [
        {
            "Points": 1000,
            "Faction": 1
        }
    ],
    "BankData": [
    ],
    "ItemGiversList": [
    ],
    "QuestData": {
        "CompletedQuests": [
        ],
        "ActiveQuests": [
        ]
    },
    "PlayerCompanionId": 0,
    "DialogData": [
    ],
    "ItemGiverChained": [
    ],
    "MailData": [
    ],
    "PlayerName": "Vidius800",
    "UUID": "0f39b499-4f81-3f13-a7ee-cc416c987bd6",
    "ScriptStoreddata": {
    }
}
