{
    "TransportData": [
    ],
    "NpcsTimers": [
    ],
    "FactionData": [
        {
            "Points": 2000,
            "Faction": 0
        },
        {
            "Points": 1000,
            "Faction": 1
        }
    ],
    "BankData": [
    ],
    "ItemGiversList": [
    ],
    "QuestData": {
        "CompletedQuests": [
        ],
        "ActiveQuests": [
        ]
    },
    "PlayerCompanionId": 0,
    "DialogData": [
        {
            "Dialog": 16
        },
        {
            "Dialog": 20
        },
        {
            "Dialog": 21
        },
        {
            "Dialog": 15
        }
    ],
    "ItemGiverChained": [
    ],
    "MailData": [
    ],
    "PlayerName": "Vidius800",
    "UUID": "23ca5afb-60c9-4c1a-b642-30c75b97d011",
    "ScriptStoreddata": {
    }
}
