{"stats":{"minecraft:dropped":{"minecraft:lava_bucket":1,"minecraft:warped_stem":64,"alexsmobs:animal_dictionary":1,"minecraft:bucket":16,"minecraft:cod_bucket":1,"mca:book_rose_gold":1},"minecraft:picked_up":{"minecraft:glass_bottle":1,"minecraft:redstone":2,"minecraft:spider_eye":1},"minecraft:custom":{"minecraft:time_since_rest":5383,"minecraft:open_chest":1,"minecraft:waystone_activated":2,"minecraft:play_one_minute":5383,"minecraft:crouch_one_cm":1380,"minecraft:damage_taken":50,"minecraft:sprint_one_cm":8855,"minecraft:walk_one_cm":5197,"minecraft:sneak_time":717,"minecraft:walk_under_water_one_cm":118,"minecraft:mob_kills":1,"minecraft:drop":7,"minecraft:jump":71,"minecraft:damage_dealt":260,"minecraft:time_since_death":5383,"minecraft:walk_on_water_one_cm":147,"minecraft:fall_one_cm":2958,"minecraft:fly_one_cm":46887},"minecraft:killed":{"specialmobs:wildswitch":1},"minecraft:crafted":{"minecraft:snow_block":4,"quark:snow_bricks":4},"minecraft:used":{"carryon:tile_item":1,"minecraft:diamond_sword":3,"minecraft:lava_bucket":2,"minecraft:bucket":2,"quark:snow_bricks":4,"minecraft:snowball":9}},"DataVersion":2586}