{"stats":{"minecraft:custom":{"minecraft:open_chest":2,"minecraft:time_since_rest":13846,"minecraft:waystone_activated":2,"minecraft:play_one_minute":13846,"minecraft:crouch_one_cm":1380,"minecraft:sprint_one_cm":20108,"minecraft:damage_taken":50,"minecraft:walk_one_cm":13313,"minecraft:sneak_time":751,"minecraft:walk_under_water_one_cm":118,"minecraft:mob_kills":1,"minecraft:drop":7,"minecraft:aviate_one_cm":328139,"minecraft:jump":136,"minecraft:damage_dealt":275,"minecraft:leave_game":3,"minecraft:climb_one_cm":164,"minecraft:time_since_death":13846,"minecraft:walk_on_water_one_cm":147,"minecraft:fall_one_cm":2958,"minecraft:fly_one_cm":78345},"minecraft:picked_up":{"minecraft:glass_bottle":1,"minecraft:redstone":2,"minecraft:spider_eye":1},"minecraft:killed":{"specialmobs:wildswitch":1},"minecraft:crafted":{"minecraft:snow_block":4,"quark:snow_bricks":4},"minecraft:used":{"carryon:tile_item":1,"minecraft:diamond_sword":3,"minecraft:lava_bucket":2,"minecraft:command_block":1,"minecraft:stone_button":1,"darkerdepths:grimestone":2,"minecraft:bucket":2,"quark:snow_bricks":4,"minecraft:stone":1,"minecraft:snowball":9},"minecraft:dropped":{"minecraft:lava_bucket":1,"minecraft:warped_stem":64,"alexsmobs:animal_dictionary":1,"minecraft:bucket":16,"minecraft:cod_bucket":1,"mca:book_rose_gold":1}},"DataVersion":2586}