{"stats":{"minecraft:used":{"minecraft:stone_sword":6,"minecraft:stone_pickaxe":6,"carryon:entity_item":1,"minecraft:wooden_pickaxe":6,"minecraft:stone_axe":6,"minecraft:crafting_table":1,"minecraft:oak_sapling":2},"minecraft:crafted":{"minecraft:oak_planks":16,"minecraft:crafting_table":1,"minecraft:stick":4,"minecraft:wooden_pickaxe":1,"minecraft:stone_pickaxe":1,"minecraft:stone_sword":1,"minecraft:stone_axe":1},"minecraft:mined":{"untamedwilds:block_burrow":4,"minecraft:oak_sapling":2,"minecraft:crafting_table":1,"untamedwilds:flora_bush_temperate":2,"untamedwilds:flora_hemlock":3,"minecraft:grass":5,"minecraft:oak_log":6,"minecraft:tall_grass":1,"minecraft:stone":12,"minecraft:oak_leaves":4},"minecraft:custom":{"minecraft:time_since_rest":5804,"minecraft:sprint_one_cm":24971,"minecraft:walk_one_cm":7208,"minecraft:damage_taken":200,"minecraft:mob_kills":5,"minecraft:drop":1,"minecraft:damage_dealt":250,"minecraft:swim_one_cm":1692,"minecraft:interact_with_crafting_table":3,"minecraft:fly_one_cm":23382,"minecraft:crouch_one_cm":1727,"minecraft:play_one_minute":5804,"minecraft:sneak_time":441,"minecraft:walk_under_water_one_cm":569,"minecraft:jump":107,"minecraft:time_since_death":5804,"minecraft:walk_on_water_one_cm":1568,"minecraft:fall_one_cm":3679},"minecraft:dropped":{"minecraft:wheat_seeds":1},"minecraft:killed":{"untamedwilds:tortoise":1,"minecraft:chicken":1,"untamedwilds:snake":2,"untamedwilds:softshell_turtle":1},"minecraft:picked_up":{"minecraft:stick":4,"minecraft:crafting_table":1,"minecraft:feather":1,"minecraft:chicken":1,"minecraft:oak_log":6,"untamedwilds:food_turtle_raw":4,"minecraft:wheat_seeds":1,"minecraft:oak_sapling":3,"minecraft:cobblestone":12}},"DataVersion":2586}