{"stats":{"minecraft:used":{"minecraft:iron_bars":3,"minecraft:stone_sword":10,"minecraft:spruce_slab":1,"minecraft:chest":5,"minecraft:shield":47,"minecraft:cooked_salmon":7,"minecraft:cooked_chicken":1,"minecraft:torch":15,"minecraft:dirt":2,"minecraft:allium":8,"carryon:entity_item":1,"minecraft:furnace":1,"minecraft:oak_sapling":2,"untamedwilds:food_turtle_cooked":4,"tombstone:gift":2,"minecraft:cooked_beef":3,"minecraft:polished_andesite":4,"minecraft:stone_pickaxe":61,"minecraft:baked_potato":3,"minecraft:oak_planks":1,"minecraft:wooden_pickaxe":6,"minecraft:crafting_table":8,"minecraft:suspicious_stew":1,"minecraft:spruce_pressure_plate":1,"tombstone:grave_key":2,"minecraft:stone_axe":32,"minecraft:diamond_sword":115,"minecraft:cobblestone":8,"minecraft:bucket":1},"minecraft:crafted":{"minecraft:oak_planks":24,"untamedwilds:food_turtle_cooked":4,"minecraft:cooked_chicken":1,"minecraft:furnace":1,"tombstone:grave_key":3,"minecraft:stone_pickaxe":1,"minecraft:diamond_sword":1,"minecraft:crafting_table":1,"minecraft:wooden_pickaxe":1,"minecraft:bucket":1,"minecraft:stone_axe":1,"minecraft:air":0,"minecraft:iron_chestplate":1,"minecraft:shield":1,"minecraft:stick":8,"minecraft:iron_ingot":1,"minecraft:stone_sword":1,"minecraft:iron_leggings":1},"minecraft:mined":{"minecraft:oak_sapling":2,"farmersdelight:wild_carrots":6,"untamedwilds:flora_hemlock":3,"minecraft:spawner":15,"farmersdelight:wild_onions":5,"minecraft:furnace":1,"minecraft:iron_ore":5,"minecraft:bookshelf":1,"minecraft:iron_bars":8,"minecraft:spruce_pressure_plate":1,"minecraft:stone":17,"minecraft:spruce_slab":1,"minecraft:quartz_block":9,"minecraft:infested_stone_bricks":3,"minecraft:crafting_table":8,"untamedwilds:flora_bush_temperate":2,"minecraft:chest":5,"minecraft:tall_grass":1,"minecraft:cobblestone":5,"minecraft:wall_torch":1,"untamedwilds:block_burrow":5,"minecraft:stone_brick_stairs":1,"minecraft:infested_mossy_stone_bricks":3,"minecraft:grass":5,"minecraft:oak_log":6,"minecraft:coal_ore":1,"minecraft:sand":2,"minecraft:dirt":2,"minecraft:infested_cracked_stone_bricks":1,"minecraft:stone_bricks":1,"minecraft:polished_andesite":1,"minecraft:oak_leaves":4,"quark:root":1},"minecraft:custom":{"minecraft:mob_kills":44,"minecraft:interact_with_crafting_table":15,"minecraft:leave_game":1,"minecraft:time_since_death":897,"minecraft:sprint_one_cm":127368,"minecraft:walk_one_cm":81441,"minecraft:damage_blocked_by_shield":2435,"minecraft:drop":35,"minecraft:deaths":3,"minecraft:sneak_time":2122,"minecraft:walk_under_water_one_cm":3856,"minecraft:jump":434,"minecraft:walk_on_water_one_cm":6266,"minecraft:interact_with_furnace":6,"minecraft:play_one_minute":41020,"minecraft:time_since_rest":450,"minecraft:damage_taken":2081,"minecraft:damage_dealt":6116,"minecraft:swim_one_cm":19786,"minecraft:fly_one_cm":79841,"minecraft:open_chest":31,"minecraft:crouch_one_cm":5234,"tombstone:undead_killed":28,"minecraft:fall_one_cm":8288},"minecraft:killed_by":{"specialmobs:skeleton":3},"minecraft:broken":{"minecraft:shield":1},"minecraft:dropped":{"farmersdelight:tomato_seeds":5,"minecraft:golden_boots":2,"minecraft:wheat_seeds":1,"minecraft:golden_helmet":1,"minecraft:ender_pearl":42,"minecraft:glass_bottle":5,"minecraft:leather_helmet":3,"minecraft:sand":2,"minecraft:stone_axe":2,"alexsmobs:animal_dictionary":1,"minecraft:stone_sword":1,"minecraft:bowl":1,"minecraft:chicken":2,"minecraft:rotten_flesh":4,"minecraft:suspicious_stew":1,"minecraft:filled_map":1,"minecraft:leather_chestplate":1,"minecraft:shield":2,"minecraft:leather_boots":2,"minecraft:golden_sword":1,"minecraft:leather_leggings":1,"minecraft:spider_eye":1,"minecraft:bow":1,"minecraft:stone_pickaxe":2,"mca:book_rose_gold":1},"minecraft:killed":{"specialmobs:skeleton":20,"untamedwilds:softshell_turtle":1,"minecraft:chicken":3,"specialmobs:zombie":8,"specialmobs:silverfish":3,"quark:frog":1,"specialmobs:flyingsilverfish":1,"untamedwilds:tortoise":1,"untamedwilds:snake":2,"specialmobs:spider":2},"minecraft:picked_up":{"minecraft:crafting_table":8,"minecraft:wheat":8,"minecraft:allium":8,"minecraft:chicken":5,"minecraft:suspicious_stew":2,"minecraft:leather_leggings":1,"minecraft:enchanted_book":1,"minecraft:potion":1,"minecraft:shield":2,"minecraft:gold_nugget":7,"minecraft:iron_nugget":29,"quark:root_item":1,"minecraft:spruce_slab":1,"minecraft:chest":5,"minecraft:furnace":1,"minecraft:golden_helmet":1,"minecraft:spruce_pressure_plate":1,"minecraft:stick":4,"farmersdelight:tomato_seeds":5,"tombstone:grave_dust":2,"minecraft:carrot":6,"minecraft:arrow":24,"minecraft:rotten_flesh":11,"farmersdelight:onion":5,"farmersdelight:rope":16,"minecraft:leather_horse_armor":1,"minecraft:iron_bars":8,"minecraft:cobblestone":22,"minecraft:leather_chestplate":1,"minecraft:feather":7,"minecraft:potato":10,"minecraft:filled_map":1,"minecraft:oak_log":6,"minecraft:golden_boots":2,"minecraft:gunpowder":2,"quark:frog_leg":1,"minecraft:dirt":2,"tombstone:gift":1,"untamedwilds:food_turtle_raw":4,"minecraft:leather_boots":3,"minecraft:bone":22,"minecraft:apple":4,"minecraft:bow":2,"minecraft:wheat_seeds":1,"minecraft:stone_pickaxe":2,"minecraft:iron_ingot":21,"minecraft:iron_ore":5,"minecraft:diamond_helmet":1,"minecraft:glass_bottle":4,"minecraft:book":9,"minecraft:sand":2,"argentinas_delight:espinacaitem":6,"minecraft:fermented_spider_eye":1,"hexerei:willow_sapling":1,"minecraft:spider_eye":1,"minecraft:leather_helmet":2,"minecraft:polished_andesite":1,"minecraft:stone_axe":2,"minecraft:baked_potato":2,"tombstone:magic_scroll":1,"minecraft:oak_sapling":3,"minecraft:coal":1,"minecraft:ender_pearl":29}},"DataVersion":2586}