{"stats":{"minecraft:used":{"minecraft:iron_bars":2,"minecraft:stone_sword":10,"minecraft:spruce_slab":1,"minecraft:stone_pickaxe":14,"minecraft:oak_planks":1,"minecraft:shield":1,"minecraft:chest":3,"minecraft:wooden_pickaxe":6,"minecraft:cooked_salmon":1,"minecraft:cooked_chicken":1,"minecraft:crafting_table":8,"minecraft:allium":8,"carryon:entity_item":1,"minecraft:stone_axe":17,"minecraft:diamond_sword":10,"minecraft:oak_sapling":2,"minecraft:furnace":1,"untamedwilds:food_turtle_cooked":3,"minecraft:bucket":1},"minecraft:crafted":{"minecraft:oak_planks":20,"minecraft:diamond_sword":1,"minecraft:crafting_table":1,"untamedwilds:food_turtle_cooked":4,"minecraft:wooden_pickaxe":1,"minecraft:cooked_chicken":1,"minecraft:furnace":1,"minecraft:bucket":1,"minecraft:stone_axe":1,"minecraft:air":0,"minecraft:iron_chestplate":1,"minecraft:shield":1,"minecraft:stick":8,"minecraft:iron_ingot":1,"minecraft:stone_pickaxe":1,"minecraft:stone_sword":1,"minecraft:iron_leggings":1},"minecraft:mined":{"minecraft:oak_sapling":2,"farmersdelight:wild_carrots":6,"minecraft:crafting_table":8,"untamedwilds:flora_bush_temperate":2,"untamedwilds:flora_hemlock":3,"minecraft:chest":3,"minecraft:tall_grass":1,"farmersdelight:wild_onions":5,"untamedwilds:block_burrow":5,"minecraft:furnace":1,"minecraft:grass":5,"minecraft:oak_log":6,"minecraft:coal_ore":1,"minecraft:iron_bars":2,"minecraft:sand":2,"minecraft:stone":16,"minecraft:oak_leaves":4,"minecraft:spruce_slab":1},"minecraft:custom":{"minecraft:interact_with_furnace":6,"minecraft:mob_kills":12,"minecraft:interact_with_crafting_table":15,"minecraft:play_one_minute":17804,"minecraft:time_since_death":17804,"minecraft:time_since_rest":17804,"minecraft:sprint_one_cm":54429,"minecraft:damage_taken":337,"minecraft:walk_one_cm":29057,"minecraft:damage_blocked_by_shield":30,"minecraft:drop":3,"minecraft:damage_dealt":992,"minecraft:swim_one_cm":17842,"minecraft:fly_one_cm":58827,"minecraft:open_chest":4,"minecraft:crouch_one_cm":2980,"tombstone:undead_killed":4,"minecraft:sneak_time":1217,"minecraft:walk_under_water_one_cm":2679,"minecraft:jump":275,"minecraft:walk_on_water_one_cm":3859,"minecraft:fall_one_cm":7601},"minecraft:dropped":{"minecraft:wheat_seeds":1,"minecraft:filled_map":1,"minecraft:sand":2},"minecraft:killed":{"quark:frog":1,"specialmobs:skeleton":2,"untamedwilds:softshell_turtle":1,"untamedwilds:tortoise":1,"minecraft:chicken":3,"specialmobs:zombie":2,"untamedwilds:snake":2},"minecraft:picked_up":{"minecraft:crafting_table":8,"minecraft:allium":8,"minecraft:wheat":8,"minecraft:leather_chestplate":1,"minecraft:feather":6,"minecraft:chicken":5,"minecraft:suspicious_stew":2,"minecraft:potato":3,"minecraft:filled_map":1,"minecraft:oak_log":6,"quark:frog_leg":1,"untamedwilds:food_turtle_raw":4,"minecraft:leather_boots":1,"minecraft:bone":2,"minecraft:bow":1,"minecraft:wheat_seeds":1,"minecraft:iron_ingot":19,"minecraft:iron_nugget":29,"minecraft:spruce_slab":1,"minecraft:chest":3,"minecraft:furnace":1,"minecraft:book":6,"minecraft:stick":4,"minecraft:sand":2,"farmersdelight:tomato_seeds":5,"argentinas_delight:espinacaitem":6,"minecraft:carrot":6,"hexerei:willow_sapling":1,"minecraft:rotten_flesh":1,"minecraft:arrow":3,"farmersdelight:onion":5,"farmersdelight:rope":16,"minecraft:oak_sapling":3,"minecraft:iron_bars":2,"minecraft:coal":1,"minecraft:cobblestone":16}},"DataVersion":2586}