{"stats":{"minecraft:used":{"minecraft:iron_bars":3,"minecraft:stone_sword":10,"minecraft:spruce_slab":1,"minecraft:chest":5,"minecraft:shield":50,"minecraft:cooked_salmon":7,"minecraft:cooked_chicken":1,"minecraft:torch":15,"minecraft:dirt":2,"minecraft:allium":8,"carryon:entity_item":1,"minecraft:furnace":1,"minecraft:oak_sapling":2,"minecraft:cooked_cod":1,"untamedwilds:food_turtle_cooked":4,"tombstone:gift":4,"minecraft:cooked_beef":7,"minecraft:water_bucket":1,"minecraft:polished_andesite":4,"minecraft:stone_pickaxe":71,"minecraft:baked_potato":3,"minecraft:oak_planks":1,"minecraft:wooden_pickaxe":6,"minecraft:golden_apple":1,"minecraft:crafting_table":8,"minecraft:apple":1,"minecraft:iron_pickaxe":6,"minecraft:suspicious_stew":1,"minecraft:spruce_pressure_plate":1,"tombstone:magic_scroll":1,"tombstone:grave_key":2,"minecraft:stone_axe":32,"minecraft:diamond_sword":223,"minecraft:cobblestone":8,"minecraft:potion":2,"minecraft:bucket":2},"minecraft:crafted":{"minecraft:oak_planks":24,"untamedwilds:food_turtle_cooked":4,"minecraft:cooked_chicken":1,"minecraft:furnace":1,"tombstone:grave_key":3,"minecraft:stone_pickaxe":1,"minecraft:diamond_sword":1,"minecraft:crafting_table":1,"minecraft:wooden_pickaxe":1,"minecraft:bucket":1,"minecraft:stone_axe":1,"minecraft:air":0,"minecraft:iron_chestplate":1,"minecraft:shield":1,"minecraft:stick":8,"minecraft:iron_ingot":1,"minecraft:stone_sword":1,"minecraft:iron_leggings":1},"minecraft:mined":{"minecraft:oak_sapling":2,"minecraft:mossy_cobblestone":1,"farmersdelight:wild_carrots":6,"untamedwilds:flora_hemlock":3,"minecraft:spawner":19,"farmersdelight:wild_onions":5,"minecraft:furnace":1,"minecraft:iron_ore":5,"minecraft:mossy_stone_brick_stairs":1,"minecraft:bookshelf":1,"minecraft:iron_bars":10,"minecraft:spruce_pressure_plate":1,"minecraft:stone":20,"minecraft:spruce_slab":1,"minecraft:quartz_block":9,"minecraft:infested_stone_bricks":3,"minecraft:crafting_table":8,"untamedwilds:flora_bush_temperate":2,"minecraft:chest":5,"minecraft:tall_grass":1,"minecraft:cobblestone":5,"minecraft:wall_torch":1,"untamedwilds:block_burrow":5,"minecraft:stone_brick_stairs":1,"minecraft:infested_mossy_stone_bricks":3,"minecraft:grass":5,"minecraft:oak_log":6,"minecraft:coal_ore":1,"minecraft:sand":2,"minecraft:dirt":2,"minecraft:infested_cracked_stone_bricks":1,"minecraft:stone_bricks":2,"minecraft:polished_andesite":1,"minecraft:mossy_stone_bricks":4,"minecraft:oak_leaves":4,"quark:root":1},"minecraft:custom":{"minecraft:mob_kills":73,"minecraft:interact_with_crafting_table":15,"minecraft:leave_game":1,"minecraft:time_since_death":2706,"minecraft:sprint_one_cm":156585,"minecraft:walk_one_cm":109445,"minecraft:damage_blocked_by_shield":2575,"minecraft:drop":49,"minecraft:deaths":4,"minecraft:sneak_time":2276,"minecraft:walk_under_water_one_cm":5223,"minecraft:jump":564,"minecraft:walk_on_water_one_cm":21970,"minecraft:interact_with_furnace":6,"minecraft:play_one_minute":53020,"minecraft:time_since_rest":2279,"minecraft:damage_absorbed":40,"minecraft:damage_taken":3220,"minecraft:damage_dealt":11979,"minecraft:swim_one_cm":22044,"minecraft:fly_one_cm":96044,"minecraft:open_chest":43,"minecraft:crouch_one_cm":5294,"tombstone:undead_killed":46,"minecraft:fall_one_cm":9600},"minecraft:killed_by":{"specialmobs:skeleton":3,"specialmobs:zombie":1},"minecraft:broken":{"minecraft:shield":1},"minecraft:dropped":{"farmersdelight:tomato_seeds":5,"minecraft:golden_boots":2,"minecraft:wheat_seeds":1,"minecraft:golden_helmet":2,"minecraft:ender_pearl":42,"minecraft:glass_bottle":8,"minecraft:leather_helmet":3,"tombstone:grave_dust":3,"minecraft:sand":2,"minecraft:iron_pickaxe":1,"minecraft:stone_axe":3,"alexsmobs:animal_dictionary":1,"minecraft:stone_sword":1,"minecraft:bowl":1,"minecraft:chicken":2,"minecraft:rotten_flesh":20,"minecraft:suspicious_stew":1,"minecraft:filled_map":1,"minecraft:leather_chestplate":1,"minecraft:shield":2,"minecraft:leather_boots":4,"minecraft:golden_sword":1,"minecraft:leather_leggings":1,"minecraft:spider_eye":1,"minecraft:bow":1,"minecraft:stone_pickaxe":2,"mca:book_rose_gold":1},"minecraft:killed":{"specialmobs:skeleton":22,"untamedwilds:softshell_turtle":1,"minecraft:chicken":3,"specialmobs:zombie":17,"specialmobs:gatlingwitherskeleton":1,"specialmobs:waterspider":1,"specialmobs:hungryzombie":1,"specialmobs:silverfish":3,"quark:frog":1,"specialmobs:flyingsilverfish":1,"specialmobs:witherskeleton":3,"untamedwilds:tortoise":1,"specialmobs:creeper":1,"specialmobs:bruteskeleton":1,"specialmobs:gatlingskeleton":1,"untamedwilds:bison":1,"untamedwilds:snake":2,"specialmobs:spider":3,"specialmobs:cavespider":1},"minecraft:picked_up":{"minecraft:crafting_table":8,"minecraft:wheat":8,"minecraft:allium":8,"minecraft:chicken":5,"minecraft:suspicious_stew":2,"minecraft:leather_leggings":1,"minecraft:enchanted_book":1,"minecraft:potion":1,"minecraft:shield":2,"minecraft:string":2,"minecraft:iron_axe":1,"minecraft:gold_nugget":7,"minecraft:iron_nugget":29,"minecraft:iron_pickaxe":2,"quark:root_item":2,"minecraft:spruce_slab":1,"minecraft:chest":5,"minecraft:furnace":1,"minecraft:golden_helmet":1,"minecraft:spruce_pressure_plate":1,"minecraft:stick":4,"farmersdelight:tomato_seeds":5,"tombstone:grave_dust":5,"minecraft:carrot":6,"minecraft:arrow":31,"minecraft:rotten_flesh":22,"minecraft:cooked_cod":1,"farmersdelight:onion":5,"farmersdelight:rope":16,"minecraft:leather_horse_armor":1,"minecraft:iron_bars":10,"minecraft:cobblestone":25,"minecraft:leather_chestplate":1,"minecraft:feather":7,"minecraft:leather":3,"minecraft:potato":10,"minecraft:filled_map":1,"minecraft:oak_log":6,"minecraft:golden_boots":2,"minecraft:gunpowder":5,"quark:frog_leg":1,"minecraft:dirt":2,"tombstone:gift":2,"untamedwilds:food_turtle_raw":4,"minecraft:leather_boots":4,"minecraft:bone":34,"minecraft:apple":8,"untamedwilds:material_fat":3,"minecraft:bow":2,"minecraft:wheat_seeds":1,"minecraft:stone_pickaxe":2,"minecraft:iron_ingot":21,"minecraft:iron_ore":5,"minecraft:diamond_helmet":1,"minecraft:glass_bottle":5,"minecraft:book":9,"minecraft:sand":2,"argentinas_delight:espinacaitem":6,"minecraft:fermented_spider_eye":1,"hexerei:willow_sapling":1,"minecraft:spider_eye":1,"minecraft:leather_helmet":2,"minecraft:polished_andesite":1,"minecraft:stone_axe":2,"minecraft:baked_potato":2,"tombstone:magic_scroll":2,"minecraft:oak_sapling":3,"minecraft:coal":1,"minecraft:ender_pearl":29}},"DataVersion":2586}