{"stats":{"minecraft:picked_up":{"pizzacraft:rolling_pin":1,"minecraft:lead":9,"create:metal_bracket":1,"quark:spruce_ladder":1,"darkerdepths:glowspire":2,"create:limestone_cobblestone":1,"farmersdelight:cutting_board":3,"minecraft:string":26,"mca:blueprint":1,"minecraft:beetroot":1,"comforts:sleeping_bag_black":1,"minecraft:melon_slice":193,"minecraft:coal_block":127,"pizzacraft:raw_pizza":2,"pizzacraft:pineapple_seeds":4,"untamedwilds:flora_common_reed":37,"pizzacraft:tomato_seeds":1,"xercamusic:music_sheet":1,"minecraft:stone_sword":3,"minecraft:tropical_fish":1,"create:scoria":1,"farmersdelight:onion":9,"ccam:rabbit_tail":1,"create:weathered_limestone_bricks_slab":1,"minecraft:snowball":17,"quark:marble":1,"pizzacraft:pepper_seeds":2,"minecraft:flint":3,"quark:frog_leg":19,"minecraft:lantern":65,"untamedwilds:food_turtle_raw":5,"pizzacraft:cucumber_seeds":3,"untamedwilds:egg_catfish":223,"mca:rose_gold_ingot":544,"minecraft:rabbit":1,"untamedwilds:egg_newt":43,"pizzacraft:pizza":1,"minecraft:ink_sac":2,"minecraft:fermented_spider_eye":1,"armoroftheages:bamboo_hat":1,"farmersdelight:cake_slice":14,"pizzacraft:onion":3,"minecraft:lever":1,"nethers_delight:stuffed_hoglin_item":4,"minecraft:granite":1,"fantasyfurniture:nordic/wall_light":1,"minecraft:bread":31,"minecraft:golden_horse_armor":1,"minecraft:chainmail_helmet":1,"alexsmobs:maggot":1,"quark:brown_stained_planks_vertical_slab":9,"ccam:top_top_top_hat":1,"minecraft:leather_leggings":2,"minecraft:purpur_block":3,"minecraft:cornflower":2,"camera:image_frame":9,"minecraft:white_carpet":6,"minecraft:iron_nugget":10,"minecraft:poppy":17,"minecraft:spruce_slab":3,"quark:yellow_blossom_sapling":4,"quark:diorite_bricks_slab":1,"minecraft:birch_sapling":13,"minecraft:egg":7,"xercamusic:oboe":1,"pizzacraft:corn":2,"minecraft:oak_door":11,"minecraft:spruce_fence":22,"sophisticatedbackpacks:backpack":1,"minecraft:fire_charge":11,"farmersdelight:tomato_seeds":9,"minecraft:carrot":35,"minecraft:redstone":2,"untamedwilds:egg_snake":5,"minecraft:beetroot_seeds":3,"minecraft:hay_block":1,"farmersdelight:white_canvas_sign":1,"farmersdelight:grilled_salmon":1,"minecraft:mutton":2,"quark:acacia_ladder":1,"minecraft:white_wool":4,"quark:brown_stained_planks_stairs":4,"minecraft:red_mushroom":2,"minecraft:oak_log":64,"ccam:halo":1,"farmersdelight:flint_knife":1,"minecraft:paper":9,"minecraft:white_banner":2,"tombstone:gift":3,"untamedwilds:spawn_tortoise":5,"minecraft:apple":31,"quark:pink_candle":1,"pizzacraft:pepper":3,"minecraft:sweet_berries":1,"untamedwilds:flora_zimbabwe_aloe_sapling":4,"steampowered:bronze_cogwheel":2,"minecraft:gravel":3,"culturaldelights:cucumber":1,"minecraft:spruce_sapling":5,"create:schematic":1,"minecraft:spruce_log":5,"ccam:spur":1,"minecraft:leather_helmet":1,"minecraft:slime_ball":1,"argentinas_delight:lechon_asadoitem":1,"minecraft:oak_button":1,"minecraft:baked_potato":1,"quark:rope":2,"minecraft:ender_pearl":1,"securitycraft:keypad_item":1,"minecraft:wheat":12,"steampowered:steel_cogwheel":1,"argentinas_delight:jarraglowberryitem":2,"minecraft:potion":1,"hexerei:herb_drying_rack_full":1,"create:limesand":2,"farmersdelight:apple_pie_slice":4,"alexsmobs:gazelle_horn":1,"minecraft:iron_leggings":2,"minecraft:experience_bottle":2,"alexsmobs:dropbear_claw":3,"untamedwilds:material_snake_skin":1,"fantasyfurniture:nordic/door_single":1,"argentinas_delight:ollaessencontapa":4,"comforts:sleeping_bag_white":1,"minecraft:redstone_torch":4,"alexsmobs:raccoon_tail":1,"quark:yellow_candle":3,"minecraft:stick":179,"minecraft:spruce_stairs":3,"minecraft:torch":41,"minecraft:porkchop":65,"quark:pink_blossom_sapling":4,"tombstone:grave_dust":5,"minecraft:cactus":3,"minecraft:rotten_flesh":234,"xercamusic:flute":3,"minecraft:leather_horse_armor":3,"minecraft:cod":82,"minecraft:cobblestone":9,"quark:basalt":1,"minecraft:potato":46,"create:gabbro_cobblestone":1,"minecraft:dirt":111,"outer_end:stalker_meat":2,"securitycraft:sentry":7,"minecraft:leather_boots":1,"minecraft:bone":45,"farmersdelight:iron_knife":2,"minecraft:bow":2,"minecraft:wheat_seeds":121,"minecraft:bell":1,"outer_end:floral_paste":1,"minecraft:bamboo":14,"camera:image":45,"minecraft:oak_planks":1,"minecraft:cooked_porkchop":6,"create:cogwheel":1,"minecraft:poisonous_potato":39,"quark:dark_oak_ladder":4,"minecraft:sand":1,"minecraft:grass_block":66,"minecraft:diamond":1,"minecraft:soul_lantern":3,"minecraft:golden_apple":123,"minecraft:emerald":1,"minecraft:oak_sapling":87,"create:furnace_engine":2,"minecraft:fishing_rod":3,"minecraft:lingering_potion":1,"steampowered:cast_iron_cogwheel":2,"minecraft:charcoal":5,"createaddition:connector":1,"advancednetherite:netherite_diamond_sword":3,"minecraft:azure_bluet":1,"minecraft:chicken":2,"minecraft:ladder":5,"farmersdelight:sweet_berry_cheesecake_slice":4,"minecraft:cooked_rabbit":2,"minecraft:diamond_horse_armor":1,"minecraft:chain":2,"hexerei:crystal_ball":1,"trapcraft:bear_trap":2,"farmersdelight:chocolate_pie_slice":4,"minecraft:bowl":1,"fantasyfurniture:venthyr/wall_light":1,"minecraft:iron_horse_armor":1,"sons_of_sins:rotten_apple":1,"argentinas_delight:jarradoradaitem":1,"minecraft:arrow":38,"quark:smooth_basalt":1,"ccam:rabbit_ears":1,"minecraft:saddle":1,"securitycraft:keypad_door_item":1,"minecraft:skeleton_skull":6,"minecraft:salmon":3,"minecraft:leather":10,"minecraft:chainmail_chestplate":1,"minecraft:yellow_bed":2,"minecraft:gunpowder":108,"ccam:poncho":2,"fantasyfurniture:dunmer/wall_light":1,"quark:forgotten_hat":1,"minecraft:red_carpet":3,"untamedwilds:material_fat":6,"createaddition:copper_wire":4,"securitycraft:security_camera":2,"minecraft:iron_ingot":6,"minecraft:cooked_chicken":1,"untamedwilds:chum":1,"minecraft:book":3,"quark:blue_blossom_sapling":11,"opf:opf":1,"minecraft:dandelion":32,"untamedwilds:spawn_snake":23,"hexerei:broom":4,"minecraft:white_bed":1,"minecraft:spider_eye":13,"hexerei:herb_jar":2,"minecraft:chainmail_leggings":1},"minecraft:crafted":{"mca:rose_gold_ingot":7,"mca:rose_gold_dust":1},"minecraft:dropped":{"mca:blueprint":1,"ccam:spur":1,"minecraft:sand":1,"ccam:poncho":1,"minecraft:fishing_rod":3,"minecraft:birch_sapling":2,"tombstone:gift":3,"quark:diorite_bricks_slab":1,"minecraft:rotten_flesh":13,"argentinas_delight:jarraglowberryitem":2,"minecraft:egg":5,"argentinas_delight:costillasdechancho":4,"argentinas_delight:patadechanchotool":2,"minecraft:enchanted_book":11,"minecraft:wheat_seeds":8,"argentinas_delight:jarradoradaitem":1,"minecraft:apple":3,"minecraft:granite":1,"minecraft:ink_sac":2,"minecraft:potion":1,"argentinas_delight:rosquita":1,"minecraft:stone_sword":3,"sophisticatedbackpacks:backpack":1,"minecraft:bamboo":9,"minecraft:bell":1,"minecraft:cod":79,"minecraft:snowball":2,"ccam:rabbit_ears":1,"minecraft:lingering_potion":1,"advancednetherite:netherite_diamond_sword":4,"culturaldelights:cucumber":1,"farmersdelight:ratatouille":1,"argentinas_delight:cabezadechancho_1":1,"minecraft:grass_block":2,"minecraft:stick":3,"ccam:rabbit_tail":1,"sons_of_sins:rotten_apple":2,"minecraft:melon_slice":193,"farmersdelight:grilled_salmon":1,"minecraft:fire_charge":1,"quark:pink_blossom_leaves":1,"minecraft:sweet_berries":1,"pizzacraft:rolling_pin":1,"mca:rose_gold_ingot":544,"minecraft:oak_sapling":4},"minecraft:custom":{"minecraft:interact_with_crafting_table":2,"minecraft:open_barrel":11,"minecraft:bell_ring":38,"minecraft:leave_game":75,"minecraft:time_since_death":8363,"tombstone:eaten_lollipop":1,"minecraft:deaths":19,"minecraft:jump":21647,"minecraft:enchant_item":1,"minecraft:interact_with_furnace":8,"minecraft:sleep_in_bed":15,"minecraft:waystone_activated":6,"minecraft:damage_dealt":20789,"tombstone:undead_killed":15,"minecraft:interact_with_smoker":2,"minecraft:interact_with_smithing_table":1,"minecraft:interact_with_anvil":1,"minecraft:damage_dealt_absorbed":201,"minecraft:target_hit":83,"minecraft:sneak_time":144249,"tombstone:raider_killed":1,"minecraft:time_since_rest":7773,"minecraft:swim_one_cm":3528,"minecraft:fly_one_cm":26561277,"minecraft:open_chest":30,"minecraft:fall_one_cm":11313,"minecraft:sprint_one_cm":5559379,"minecraft:drop":101,"minecraft:talked_to_villager":7,"minecraft:walk_on_water_one_cm":199996,"minecraft:play_one_minute":4323218,"minecraft:crouch_one_cm":217919,"tombstone:villager_killed":33,"minecraft:mob_kills":96,"minecraft:climb_one_cm":63680,"minecraft:walk_one_cm":7494455,"minecraft:walk_under_water_one_cm":152961,"minecraft:boat_one_cm":183,"minecraft:damage_absorbed":80,"minecraft:damage_taken":57902,"minecraft:trigger_trapped_chest":3},"minecraft:killed":{"sons_of_sins:bloody_butcher":1,"minecraft:zombie_horse":3,"minecraft:skeleton":3,"minecraft:skeleton_horse":1,"minecraft:iron_golem":1,"alexsmobs:endergrade":3,"minecraft:zombie":4,"untamedwilds:bison":1,"mca:male_villager":16,"untamedwilds:snake":3,"outer_end:chorus_squid":1,"alexsmobs:raccoon":1,"minecraft:zoglin":1,"alexsmobs:gorilla":4,"untamedwilds:catfish":3,"outer_end:purpur_golem":2,"untamedwilds:newt":5,"outer_end:himmelite":1,"specialmobs:creeper":3,"mca:female_villager":13,"minecraft:spider":1,"quark:forgotten":1,"specialmobs:palespider":2,"customnpcs:customnpc":4,"untamedwilds:arowana":1,"untamedwilds:tarantula":1,"specialmobs:enderman":1,"minecraft:creeper":1,"alexsmobs:warped_toad":1,"minecraft:phantom":1,"outer_end:entombed":1,"outer_end:stalker":1,"specialmobs:babycavespider":1,"alexsmobs:gazelle":2,"outer_end:spectrafly":1,"alexsmobs:crow":1,"minecraft:villager":4},"minecraft:mined":{"hexerei:herb_drying_rack_full":1,"create:limesand":2,"minecraft:granite":1,"create:limestone":1,"fantasyfurniture:venthyr/wall_light":1,"minecraft:grass":11,"create:gabbro":1,"trapcraft:bear_trap":2,"quark:smooth_basalt":1,"minecraft:dandelion":1,"untamedwilds:flora_bush_temperate":2,"argentinas_delight:tablasado_3click":1,"hexerei:herb_jar":2,"quark:marble":1,"create:natural_scoria":1,"quark:basalt":1,"minecraft:redstone_wall_torch":3},"minecraft:killed_by":{"customnpcs:customnpc":15},"minecraft:used":{"create:polished_gabbro_stairs":14,"quark:grate":4,"farmersdelight:onion_crate":3,"fantasyfurniture:venthyr/table_large":29,"minecraft:writable_book":2,"simpleplanes:charging_station":1,"minecraft:smooth_quartz_slab":33,"minecraft:spruce_slab":1136,"minecraft:poppy":59,"minecraft:ladder":6,"quark:brown_stained_planks_stairs":31,"quark:crimson_ladder":18,"minecraft:chest":26,"cfm:stripped_birch_upgraded_fence":41,"cfm:red_kitchen_sink":1,"bygonenether:warped_nether_bricks":1,"minecraft:stone":5432,"untamedwilds:spawn_tortoise":2,"xercamusic:oboe":1,"fantasyfurniture:decorations/nordic/mead_bottles":15,"create:layered_dolomite":82,"outer_end:stalker_spawn_egg":1,"securitycraft:security_camera":1,"create:andesite_encased_shaft":8,"minecraft:quartz_stairs":123,"securitycraft:username_logger":5,"customnpcs:npcwand":94,"farmersdelight:sweet_berry_cheesecake":3,"pizzacraft:corn":14,"securitycraft:keypad_item":1,"minecraft:blue_stained_glass":15,"create:white_sail":125,"minecraft:brick_slab":63,"quark:forgotten_spawn_egg":1,"quark:blue_stained_planks":105,"quark:light_gray_stained_planks":133,"untamedwilds:egg_catfish":4,"elevatorid:elevator_light_gray":3,"darkerdepths:petrified_door":1,"minecraft:jungle_slab":12,"minecraft:allium":46,"quark:polished_marble_slab":36,"quark:lavender_blossom_sapling":1,"farmersdelight:white_canvas_sign":1,"quark:stone_speleothem":66,"cfm:andesite_table":5,"create:depot":1,"quark:diorite_bricks_vertical_slab":89,"minecraft:snowball":61,"minecraft:stripped_spruce_log":1475,"nethers_delight:stuffed_hoglin_item":8,"fantasyfurniture:dunmer/cushion":5,"fantasyfurniture:nordic/wardrobe_bottom":25,"minecraft:polished_blackstone_slab":172,"hexerei:mahogany_sapling":1,"quark:birch_ladder":3,"quark:brown_stained_planks_vertical_slab":64,"quark:stone_lamp":3,"minecraft:quartz_pillar":177,"fantasyfurniture:venthyr/stool":22,"quark:marble_bricks_slab":124,"minecraft:villager_spawn_egg":4,"minecraft:red_wool":57,"mca:gravelling_headstone":1,"quark:dirty_glass":1,"minecraft:black_stained_glass_pane":7,"minecraft:grass_block":4848,"cfm:stripped_dark_oak_table":16,"minecraft:quartz_block":471,"trapcraft:bear_trap":1,"create:fancy_andesite_bricks_wall":18,"fantasyfurniture:decorations/venthyr/tea_cups":6,"createaddition:creative_energy":1,"quark:blue_blossom_leaves":113,"quark:jasper_bricks_stairs":200,"advancednetherite:netherite_gold_block":5,"minecraft:dark_oak_slab":33,"fantasyfurniture:dunmer/chair":9,"cfm:spruce_desk":6,"quark:blue_blossom_sapling":5,"quark:chute":2,"untamedwilds:flora_titan_arum_corm":5,"quark:blaze_lantern":53,"minecraft:stone_brick_stairs":38,"fantasyfurniture:dunmer/chandelier":15,"create:scoria_bricks_stairs":11,"fantasyfurniture:decorations/bolts_of_cloth":4,"minecraft:bow":102,"simpleplanes:plane":5,"minecraft:red_stained_glass_pane":60,"create:shaft":36,"minecraft:snow":1114,"quark:waxed_black_crystal":3,"fantasyfurniture:dunmer/table_large":4,"minecraft:sweet_berries":1,"fantasyfurniture:decorations/dunmer/pottery_1":5,"minecraft:furnace":7,"minecraft:oak_sapling":17,"minecraft:acacia_fence":61,"quark:acacia_hedge":1,"minecraft:egg":10,"quark:polished_deepslate":617,"minecraft:potato":23,"fantasyfurniture:dunmer/bench":2,"quark:pink_blossom_sapling":2,"cfm:stone_cabinet":1,"quark:marble_bricks_stairs":2,"customnpcs:npcmobcloner":47,"minecraft:dark_prismarine_stairs":67,"darkerdepths:mossy_grimestone":2,"pizzacraft:raw_pizza":4,"pizzacraft:oven":4,"quark:blue_framed_glass_pane":43,"quark:brown_stained_planks_slab":5,"securitycraft:crystal_quartz_pillar":3,"alexsmobs:spawn_egg_raccoon":2,"fantasyfurniture:nordic/shelf":4,"quark:birch_vertical_slab":125,"fantasyfurniture:venthyr/table_wide":11,"hexerei:mahogany_trapdoor":2,"untamedwilds:anemone_sebae":3,"quark:warped_ladder":3,"hexerei:pestle_and_mortar":1,"minecraft:spruce_door":6,"outer_end:himmel_block":94,"minecraft:brick_wall":7,"create:paved_weathered_limestone":123,"steampowered:alternator":1,"cfm:oak_park_bench":44,"minecraft:stripped_birch_log":445,"minecraft:red_stained_glass":19,"fantasyfurniture:decorations/venthyr/tomes":6,"minecraft:orange_tulip":53,"minecraft:blackstone":5,"quark:yellow_shingles_slab":7,"fantasyfurniture:venthyr/door_double":2,"quark:dark_oak_vertical_slab":10,"securitycraft:reinforced_mossy_cobblestone":7,"create:limestone_bricks_slab":10,"minecraft:composter":2,"customnpcs:npcwaypoint":1,"minecraft:oak_leaves":19,"mowziesmobs:naga_spawn_egg":1,"outer_end:himmelite_spawn_egg":1,"minecraft:smooth_quartz_stairs":93,"quark:black_framed_glass_pane":99,"elevatorid:elevator_white":10,"minecraft:golden_apple":6,"quark:gray_shingles_stairs":3,"untamedwilds:egg_newt":1,"minecraft:dark_oak_trapdoor":35,"fantasyfurniture:nordic/table_wide":5,"minecraft:sand":16,"quark:spruce_trapped_chest":14,"quark:deepslate_tiles_vertical_slab":4,"cfm:stripped_spruce_desk_cabinet":3,"quark:marble_bricks_vertical_slab":46,"mca:female_villager_spawn_egg":32,"create:dark_scoria_bricks_slab":64,"minecraft:blast_furnace":2,"quark:warped_vertical_slab":17,"cfm:stripped_birch_kitchen_sink_light":1,"quark:marble":12,"minecraft:acacia_leaves":3,"outer_end:azure_boat":1,"minecraft:gray_concrete":158,"minecraft:birch_fence":58,"quark:deepslate_bricks_stairs":150,"fantasyfurniture:venthyr/bookshelf":5,"darkerdepths:polished_shale":2,"fantasyfurniture:decorations/bowl_mushroom_stew":3,"cfm:dark_oak_cabinet":2,"fantasyfurniture:nordic/table_large":11,"fantasyfurniture:decorations/venthyr/chalices":5,"darkerdepths:shale_bricks":10,"quark:slate_bricks_stairs":208,"minecraft:crying_obsidian":162,"customnpcs:npcmailbox":3,"minecraft:gray_stained_glass_pane":52,"minecraft:birch_slab":55,"fantasyfurniture:dunmer/carpet":6,"quark:glowshroom_stem":84,"minecraft:stone_button":1,"fantasyfurniture:nordic/chair":55,"outer_end:chorus_squid_spawn_egg":1,"createaddition:gold_spool":16,"nethers_exoticism:jaboticaba_door":5,"minecraft:lectern":10,"fantasyfurniture:nordic/drawer":7,"darkerdepths:limestone":2,"customnpcs:npcbuilderblock":58,"quark:brick_vertical_slab":5,"minecraft:coal_block":1,"farmersdelight:chocolate_pie":2,"fantasyfurniture:decorations/berry_basket_blueberry":2,"minecraft:cat_spawn_egg":20,"quark:netherrack_bricks_stairs":3,"xercamusic:flute":3,"cfm:stripped_dark_oak_chair":11,"steampowered:bronze_burner":2,"minecraft:polished_andesite_slab":23,"minecraft:soul_lantern":114,"culturaldelights:avocado_log":2,"quark:blue_blossom_leaf_carpet":46,"simpleplanes:large_plane":9,"cfm:stripped_dark_oak_upgraded_fence":5,"fantasyfurniture:nordic/bench":14,"xercamusic:drum_kit":1,"fantasyfurniture:dunmer/bed_single":10,"farmersdelight:straw_bale":224,"quark:charred_nether_bricks_slab":476,"hexerei:broom":3,"outer_end:entombed_spawn_egg":1,"cfm:stripped_oak_crate":2,"minecraft:dark_oak_fence":24,"minecraft:smithing_table":9,"argentinas_delight:tabladepollo":1,"minecraft:pink_stained_glass":9,"cfm:oak_upgraded_gate":3,"quark:light_gray_quilted_wool":892,"fantasyfurniture:venthyr/chair":1,"cfm:green_kitchen_drawer":1,"fantasyfurniture:decorations/book_stack":5,"alexsmobs:spawn_egg_mantis_shrimp":1,"minecraft:purple_wool":40,"create:dark_scoria_bricks":15,"hexerei:mahogany_log":334,"fantasyfurniture:venthyr/wardrobe_top":13,"create:paved_limestone_slab":22,"minecraft:oak_trapdoor":13,"quark:elder_sea_lantern":81,"outer_end:spectrafly_spawn_egg":1,"camera:image_frame":87,"fantasyfurniture:decorations/nordic/soul_gems_dark":8,"minecraft:iron_bars":96,"minecraft:red_concrete":569,"fantasyfurniture:dunmer/painting_wide":9,"minecraft:enchanting_table":2,"create:limestone":1,"minecraft:stone_sword":1,"cfm:post_box":11,"create:schematic_table":1,"quark:midori_block":126,"create:chiseled_limestone":93,"steampowered:cast_iron_large_cogwheel":18,"quark:basalt_bricks_vertical_slab":6,"quark:marble_bricks_wall":20,"minecraft:armor_stand":2,"create:polished_limestone":1,"farmersdelight:jungle_pantry":31,"create:vertical_framed_glass_pane":10,"minecraft:stripped_warped_stem":52,"fantasyfurniture:decorations/tankards_empty":29,"fantasyfurniture:decorations/tankards_sweetberry":8,"darkerdepths:glowshroom":4,"create:weathered_limestone_bricks_slab":28,"vehicle:vehicle_crate":1,"cfm:spruce_bedside_cabinet":5,"cfm:stripped_spruce_coffee_table":9,"quark:thatch_slab":46,"quark:spruce_bookshelf":78,"quark:gray_framed_glass_pane":17,"cfm:rock_path":249,"quark:magenta_stool":1,"customnpcs:npcscripted":1,"cfm:green_sofa":5,"minecraft:torch":27,"cfm:lime_kitchen_sink":2,"alexsmobs:spawn_egg_warped_mosco":3,"quark:deepslate_tiles_stairs":348,"minecraft:brewing_stand":3,"cfm:lime_kitchen_counter":11,"trapcraft:grass_covering":8,"pizzacraft:olive_sapling":2,"minecraft:target":17,"minecraft:anvil":7,"elevatorid:elevator_black":11,"quark:quartz_vertical_slab":6,"fantasyfurniture:decorations/bowl_beetroot_soup":1,"quark:white_stained_planks_vertical_slab":105,"quark:andesite_pillar":74,"cfm:lime_kitchen_drawer":3,"tombstone:white_marble_wall":14,"hexerei:herb_jar":2,"quark:red_blossom_leaf_carpet":36,"minecraft:stone_stairs":41,"minecraft:nether_brick_slab":69,"quark:marble_bricks":3,"cfm:andesite_chair":18,"minecraft:jungle_trapdoor":1,"create:limestone_pillar":104,"fantasyfurniture:dunmer/shelf":53,"minecraft:nether_brick_stairs":64,"fantasyfurniture:decorations/mushrooms_red":34,"pizzacraft:oak_chopping_board":3,"minecraft:polished_diorite":41,"minecraft:shroomlight":19,"quark:jasper_pillar":137,"fantasyfurniture:dunmer/door_double":6,"advancednetherite:netherite_diamond_block":5,"darkerdepths:stripped_petrified_log":9,"minecraft:sea_lantern":3,"quark:charred_nether_bricks_stairs":335,"outer_end:violite_brick_slab":38,"create:wrench":29,"steampowered:steel_large_cogwheel":17,"minecraft:iron_axe":32,"minecraft:brick_stairs":19,"minecraft:chicken_spawn_egg":5,"carryon:entity_item":164,"darkerdepths:polished_shale_stairs":22,"cfm:gray_kitchen_counter":11,"fantasyfurniture:nordic/door_double":6,"cfm:diorite_desk":24,"fantasyfurniture:venthyr/floor_light":21,"quark:slate_bricks":996,"cfm:stripped_dark_oak_upgraded_gate":3,"minecraft:smooth_quartz":956,"argentinas_delight:tablapescado":2,"alexsmobs:spawn_egg_snow_leopard":2,"argentinas_delight:ollacongrasa":2,"create:creative_motor":11,"minecraft:barrel":13,"farmersdelight:canvas_rug":8,"minecraft:bamboo":6,"cfm:stripped_oak_upgraded_fence":194,"minecraft:basalt":1,"fantasyfurniture:decorations/tankards_milk":3,"hexerei:willow_log":27,"minecraft:glowstone":11,"argentinas_delight:hogueraparrilla":4,"alexsmobs:spawn_egg_endergrade":3,"fantasyfurniture:venthyr/painting_wide":5,"hexerei:stripped_mahogany_log":2,"minecraft:tall_grass":3,"cfm:fridge_light":2,"pizzacraft:olive_log":19,"minecraft:iron_trapdoor":1,"customnpcs:npcmailbox2":1,"darkerdepths:shale_bricks_slab":57,"argentinas_delight:tabladechancho":2,"farmersdelight:cooking_pot":18,"cfm:red_sofa":10,"comforts:hammock_light_gray":4,"tombstone:gift":14,"fantasyfurniture:dunmer/wall_light":271,"comforts:sleeping_bag_white":11,"cfm:black_kitchen_counter":25,"minecraft:acacia_planks":14,"cfm:stripped_birch_kitchen_drawer":11,"cfm:dark_oak_hedge":1,"create:limestone_bricks_wall":24,"create:belt_connector":18,"minecraft:golden_axe":3,"farmersdelight:potato_crate":6,"quark:red_nether_brick_vertical_slab":65,"minecraft:wheat_seeds":312,"mca:male_villager_spawn_egg":35,"quark:orange_framed_glass_pane":2,"minecraft:water_bucket":434,"create:paved_limestone":180,"minecraft:nether_brick_wall":5,"mca:upright_headstone":1,"fantasyfurniture:venthyr/desk_left":1,"hexerei:stripped_willow_log":2,"cfm:red_kitchen_drawer":2,"farmersdelight:tomato_crate":4,"outer_end:himmel_slab":184,"minecraft:birch_planks":225,"quark:cobblestone_bricks":37,"minecraft:lead":2,"quark:light_blue_candle":21,"outer_end:himmel_stairs":108,"argentinas_delight:ollaessencontapa":7,"fantasyfurniture:decorations/venthyr/platter":32,"fantasyfurniture:decorations/muffins_sweetberry":1,"minecraft:red_mushroom_block":3,"quark:blue_stool":4,"cfm:dark_oak_blinds":35,"minecraft:cauldron":6,"minecraft:sheep_spawn_egg":20,"create:diorite_bricks":189,"securitycraft:scanner_door_item":1,"cfm:stripped_spruce_desk":10,"minecraft:polished_blackstone_bricks":194,"quark:red_blossom_leaves":100,"argentinas_delight:hornobarroentrada":3,"quark:spruce_hedge":1,"fantasyfurniture:nordic/desk_right":6,"customnpcs:npcredstoneblock":2,"quark:deepslate_bricks_vertical_slab":174,"minecraft:mossy_cobblestone":3,"fantasyfurniture:nordic/bed_double":8,"minecraft:diamond_block":8,"pizzacraft:pepper_seeds":10,"quark:brown_quilted_wool":193,"minecraft:comparator":1,"minecraft:vine":6,"untamedwilds:flora_hemlock":7,"fantasyfurniture:decorations/dunmer/pottery_0":3,"minecraft:oak_slab":199,"minecraft:crafting_table":2,"minecraft:crimson_trapdoor":17,"minecraft:red_bed":15,"cfm:oak_hedge":20,"bygonenether:warped_nether_brick_stairs":207,"minecraft:campfire":43,"minecraft:white_bed":5,"minecraft:cod":3,"quark:yellow_candle":15,"xercamusic:music_sheet":1,"fantasyfurniture:nordic/sofa":113,"quark:pink_blossom_leaf_carpet":70,"minecraft:mushroom_stem":3,"bygonenether:warped_nether_brick_slab":168,"minecraft:cake":2,"minecraft:spruce_log":153,"fantasyfurniture:decorations/venthyr/food_1":4,"farmersdelight:apple_pie":1,"hexerei:herb_drying_rack_full":4,"alexsmobs:spawn_egg_kangaroo":2,"quark:glass_item_frame":2,"minecraft:oak_log":176,"mowziesmobs:painted_acacia_slab":18,"nethers_exoticism:ramboutan_log":2,"fantasyfurniture:dunmer/wardrobe_bottom":1,"minecraft:dark_prismarine":373,"minecraft:cornflower":57,"create:zinc_block":7,"minecraft:oxeye_daisy":2,"quark:basalt_bricks":252,"minecraft:warped_trapdoor":8,"minecraft:acacia_sign":1,"fantasyfurniture:venthyr/bed_single":4,"minecraft:stripped_jungle_log":78,"create:weathered_limestone_bricks":576,"cfm:stripped_warped_table":30,"steampowered:bronze_cogwheel":25,"darkerdepths:grimestone":65,"minecraft:pig_spawn_egg":6,"minecraft:iron_pickaxe":8,"quark:myalite_wall":16,"fantasyfurniture:dunmer/table_wide":8,"create:water_wheel":1,"quark:thatch_stairs":5,"minecraft:spruce_trapdoor":42,"argentinas_delight:jarravacia":2,"pizzacraft:jungle_chopping_board":1,"cfm:stripped_birch_upgraded_gate":7,"customnpcs:npccarpentybench":2,"steampowered:steel_boiler":4,"fantasyfurniture:dunmer/stool":22,"hexerei:willow_sapling":10,"quark:light_gray_framed_glass_pane":37,"fantasyfurniture:dunmer/painting_small":1,"fantasyfurniture:dunmer/bookshelf":1,"fantasyfurniture:furniture_station":2,"minecraft:chiseled_stone_bricks":33,"cfm:stripped_oak_table":17,"minecraft:cobblestone":989,"darkerdepths:glowspire":60,"cfm:spruce_park_bench":20,"cfm:stripped_acacia_desk_cabinet":4,"alexsmobs:spawn_egg_void_worm":1,"argentinas_delight:centrohorno":1,"quark:pink_candle":27,"untamedwilds:flora_bush_temperate":84,"create:powered_latch":7,"culturaldelights:avocado_bundle":2,"minecraft:glass_pane":157,"fantasyfurniture:dunmer/chest":2,"cfm:red_kitchen_counter":8,"minecraft:stripped_oak_log":875,"quark:smooth_stone_vertical_slab":6,"minecraft:kelp":14,"minecraft:dandelion":35,"create:dark_oak_window":56,"cfm:stripped_oak_upgraded_gate":1,"minecraft:jukebox":6,"darkerdepths:polished_aridrock_slab":197,"fantasyfurniture:decorations/tankards_honeymead":6,"advancednetherite:netherite_diamond_sword":96,"fantasyfurniture:decorations/nordic/soul_gems_light":9,"minecraft:light_blue_stained_glass_pane":39,"pizzacraft:dough":3,"quark:slate_bricks_slab":22,"quark:pink_blossom_leaves":93,"minecraft:light_gray_stained_glass_pane":134,"outer_end:azure_chest":1,"quark:deepslate_tiles_wall":21,"darkerdepths:shale_bricks_stairs":357,"quark:polished_marble_vertical_slab":94,"steampowered:cast_iron_cogwheel":17,"minecraft:carrot_on_a_stick":1,"minecraft:oak_sign":1,"quark:jungle_ladder":9,"farmersdelight:crimson_pantry":2,"darkerdepths:glowshroom_block":54,"minecraft:polished_basalt":1,"farmersdelight:stove":28,"fantasyfurniture:nordic/floor_light":38,"untamedwilds:tortoise_spawn_egg":1,"hexerei:candelabra":4,"pizzacraft:cheese_block":5,"minecraft:iron_sword":4,"quark:paper_lantern":5,"tombstone:lollipop":1,"hexerei:willow_door":4,"minecraft:bell":8,"minecraft:grass":7,"create:gabbro":1,"steampowered:bronze_large_cogwheel":2,"cfm:stripped_spruce_chair":15,"untamedwilds:bison_spawn_egg":1,"argentinas_delight:terere":1,"phantasm:ebony_door":2,"minecraft:debug_stick":954,"cfm:birch_kitchen_sink_light":6,"cfm:gray_kitchen_sink":2,"create:clockwork_bearing":2,"fantasyfurniture:nordic/dresser":16,"quark:smooth_biotite_vertical_slab":18,"farmersdelight:rich_soil_farmland":44,"customnpcs:npcsoulstonefilled":24,"quark:stone_brick_lamp":1,"farmersdelight:blue_canvas_sign":2,"create:cogwheel":6,"cfm:stripped_birch_kitchen_sink_dark":2,"minecraft:jungle_planks":587,"minecraft:nether_bricks":36,"opf:opf":4,"quark:basalt":1,"quark:waxed_blue_crystal":3,"create:polished_dolomite":251,"quark:jasper_bricks_slab":56,"fantasyfurniture:venthyr/desk_right":18,"quark:weather_sensor":6,"minecraft:glass":76,"securitycraft:camera_monitor":1,"specialmobs:giantdrowned_spawn_egg":1,"create:polished_weathered_limestone":101,"cfm:dark_oak_upgraded_fence":35,"create:chiseled_weathered_limestone":400,"minecraft:bricks":240,"minecraft:coal_ore":1,"quark:lavender_blossom_leaf_carpet":83,"alexsmobs:spawn_egg_gorilla":4,"minecraft:quartz_slab":11,"fantasyfurniture:nordic/bookshelf":106,"minecraft:lantern":686,"minecraft:panda_spawn_egg":3,"steampowered:bronze_boiler":1,"fantasyfurniture:venthyr/wardrobe_bottom":23,"cfm:stripped_spruce_bedside_cabinet":1,"nethers_exoticism:ramboutan_door":3,"hexerei:willow_leaves":59,"create:weathered_limestone_bricks_stairs":4,"fantasyfurniture:decorations/venthyr/widow_bloom":10,"quark:cracked_deepslate_bricks":1,"minecraft:light_blue_bed":2,"create:polished_limestone_slab":147,"hexerei:mahogany_slab":3,"cfm:brown_sofa":3,"quark:slate_bricks_vertical_slab":10,"quark:blackstone_bricks_stairs":177,"fantasyfurniture:venthyr/door_single":20,"minecraft:stone_bricks":376,"quark:smooth_basalt":2,"minecraft:item_frame":2,"minecraft:redstone_lamp":18,"unnamedanimalmod:capybara_spawn_egg":9,"cfm:black_picket_fence":14,"carryon:tile_item":9,"quark:polished_basalt_slab":4,"cfm:stone_chair":23,"minecraft:repeater":1,"minecraft:red_carpet":25,"create:andesite_pillar":62,"hexerei:crystal_ball":6,"fantasyfurniture:nordic/chandelier":24,"farmersdelight:purple_canvas_sign":1,"farmersdelight:cutting_board":18,"minecraft:hay_block":7,"fantasyfurniture:venthyr/drawer":4,"minecraft:scaffolding":15,"create:ornate_iron_window_pane":2,"quark:jungle_hedge":8,"fantasyfurniture:venthyr/chandelier":17,"minecraft:gray_bed":4,"pizzacraft:pizza":3,"quark:charred_nether_bricks_wall":140,"cfm:andesite_cabinet":1,"minecraft:gold_block":21,"argentinas_delight:mandibulabloque":2,"quark:blue_crystal_cluster":3,"tombstone:smoke_ball":9,"farmersdelight:shepherds_pie_block":1,"create:diorite_bricks_slab":134,"fantasyfurniture:dunmer/door_single":3,"quark:thatch_vertical_slab":17,"quark:glowing_glass_item_frame":6,"quark:dark_oak_ladder":9,"argentinas_delight:roscashechas":1,"untamedwilds:flora_zimbabwe_aloe_sapling":22,"minecraft:dark_oak_stairs":1,"elevatorid:elevator_brown":8,"minecraft:end_rod":267,"fantasyfurniture:dunmer/sofa":25,"minecraft:stripped_acacia_log":411,"alexsmobs:spawn_egg_warped_toad":1,"cfm:spruce_hedge":6,"minecraft:gray_carpet":5,"quark:limestone_pillar":3,"quark:framed_glass_pane":6,"advancednetherite:netherite_diamond_axe":12,"minecraft:jungle_fence":59,"create:polished_dolomite_slab":52,"minecraft:oak_planks":793,"cfm:spruce_blinds":1,"fantasyfurniture:nordic/desk_left":2,"minecraft:redstone_block":23,"fantasyfurniture:nordic/wall_light":50,"fantasyfurniture:nordic/table_small":5,"fantasyfurniture:nordic/carpet":25,"minecraft:blue_bed":9,"minecraft:diamond_axe":164,"darkerdepths:rope":5,"fantasyfurniture:decorations/berry_basket_empty":1,"xercamusic:piano":6,"minecraft:white_wool":131,"pizzacraft:acacia_chopping_board":1,"create:flywheel":4,"fantasyfurniture:dunmer/floor_light":57,"fantasyfurniture:venthyr/dresser":6,"createaddition:rolling_mill":1,"quark:deepslate_tiles":377,"fantasyfurniture:dunmer/bed_double":11,"alexsmobs:spawn_egg_dropbear":1,"minecraft:light_blue_wool":18,"create:ornate_iron_window":2,"minecraft:sponge":1,"quark:slate_pillar":82,"minecraft:black_bed":2,"minecraft:stone_brick_wall":12,"cfm:blue_kitchen_drawer":2,"specialmobs:drowned_spawn_egg":1,"quark:polished_marble_stairs":111,"darkerdepths:glowshroom_stem":12,"minecraft:creeper_spawn_egg":1,"minecraft:redstone_torch":22,"hexerei:willow_planks":6,"quark:magma_bricks_slab":13,"farmersdelight:black_canvas_sign":11,"minecraft:sticky_piston":2,"waystones:waystone":4,"tombstone:easter_egg":1,"cfm:jungle_hedge":100,"minecraft:lever":10,"hexerei:mahogany_door":4,"minecraft:black_concrete":1469,"quark:limestone_bricks":460,"quark:deepslate_bricks":328,"quark:rope":20,"create:dark_scoria_bricks_stairs":56,"minecraft:light_gray_concrete":196,"minecraft:acacia_door":4,"create:fancy_granite_bricks":4,"minecraft:dark_oak_log":660,"fantasyfurniture:venthyr/shelf":31,"minecraft:bread":1,"fantasyfurniture:decorations/berry_basket_strawberry":1,"quark:gold_bars":8,"minecraft:warped_slab":36,"minecraft:cyan_bed":5,"create:dolomite":28,"minecraft:barrier":266,"create:chiseled_scoria":28,"quark:marble_wall":31,"quark:cobblestone_bricks_stairs":73,"argentinas_delight:tabladeasadobloque":2,"cfm:stripped_dark_oak_coffee_table":27,"quark:basalt_bricks_slab":86,"quark:glowshroom":1,"create:paved_limestone_stairs":85,"create:peculiar_bell":2,"minecraft:iron_door":7,"cfm:diorite_desk_cabinet":4,"darkerdepths:polished_aridrock_vertical_slab":30,"minecraft:prismarine_wall":57,"quark:polished_limestone":246,"cfm:light_gray_kitchen_counter":4,"minecraft:blackstone_slab":211,"customnpcs:npccopyblock":11,"fantasyfurniture:venthyr/table_small":3,"hexerei:mahogany_fence":7,"quark:snow_bricks_stairs":1,"quark:chorus_fruit_block":26,"cfm:stripped_jungle_chair":40,"tombstone:decorative_subaraki_grave":2,"quark:white_stained_planks_slab":8,"create:paved_weathered_limestone_stairs":3,"mca:cross_headstone":10,"argentinas_delight:matevacio":3,"minecraft:grindstone":10,"create:polished_weathered_limestone_stairs":2,"quark:brown_stained_planks":3,"minecraft:chain":63,"trapcraft:spikes":4,"minecraft:smooth_stone_slab":7,"sereneseasons:season_sensor":1,"securitycraft:retinal_scanner":1,"untamedwilds:flora_eelgrass":7,"fantasyfurniture:decorations/nordic/boiled_creme_treats":3,"untamedwilds:flora_elephant_ear":78,"minecraft:bone_meal":561,"cfm:stripped_crimson_upgraded_fence":179,"outer_end:violite_bricks":149,"outer_end:purpur_golem_spawn_egg":2,"minecraft:cobweb":1,"create:large_cogwheel":3,"pizzacraft:tomato_seeds":6,"minecraft:oak_fence":205,"argentinas_delight:cositodelcoso":5,"create:natural_scoria":1,"minecraft:petrified_oak_slab":19,"minecraft:netherite_sword":8,"quark:basalt_wall":11,"cfm:light_blue_picket_fence":14,"minecraft:flint_and_steel":6,"minecraft:white_tulip":43,"quark:sandy_bricks":1,"fantasyfurniture:decorations/bowl_empty":6,"minecraft:stone_shovel":61,"minecraft:redstone":42,"quark:basalt_pillar":32,"quark:black_crystal_cluster":3,"cfm:blue_kitchen_counter":15,"minecraft:spruce_planks":1296,"securitycraft:keypad_door_item":8,"quark:diorite_bricks_slab":24,"nethers_exoticism:ramboutan_planks":14,"farmersdelight:rich_soil":1,"minecraft:wooden_shovel":957,"farmersdelight:rice_bag":2,"minecraft:stone_hoe":9,"fantasyfurniture:decorations/venthyr/tea_set":5,"createaddition:copper_spool":16,"securitycraft:reinforced_iron_bars":58,"minecraft:oak_door":7,"securitycraft:reinforced_cobblestone_slab":3,"quark:polished_limestone_slab":329,"minecraft:dirt":428,"minecraft:red_nether_brick_slab":37,"minecraft:white_carpet":4,"create:layered_limestone":343,"fantasyfurniture:nordic/cushion":3,"minecraft:spruce_stairs":456,"quark:lavender_blossom_leaves":156,"mca:slanted_headstone":37,"minecraft:granite":21,"minecraft:spruce_fence":126,"securitycraft:keycard_reader":1,"createaddition:furnace_burner":1,"farmersdelight:rope":21,"fantasyfurniture:venthyr/wall_light":48,"minecraft:birch_door":3,"quark:blue_stained_planks_slab":50,"minecraft:purple_stained_glass_pane":5,"steampowered:bronze_steam_engine":3,"minecraft:stone_brick_slab":4,"cfm:oak_table":1,"minecraft:dark_oak_planks":101,"outer_end:azure_stem":26,"quark:white_stained_planks_stairs":19,"cfm:oak_crate":6,"cfm:black_sofa":1,"minecraft:bookshelf":156,"minecraft:light_gray_stained_glass":33,"minecraft:red_tulip":27,"farmersdelight:gray_canvas_sign":2,"minecraft:oak_stairs":240,"create:metal_bracket":4,"xercamusic:metronome":4,"minecraft:acacia_slab":4,"create:vertical_framed_glass":31,"minecraft:crimson_slab":18,"create:furnace_engine":2,"create:paved_dolomite_wall":5,"quark:black_stool":16,"securitycraft:smooth_crystal_quartz":130,"cfm:stripped_jungle_table":72,"quark:spruce_vertical_slab":7,"securitycraft:sentry":4,"minecraft:light_gray_wool":68,"cfm:stripped_spruce_upgraded_fence":433,"quark:chiseled_marble_bricks":4,"darkerdepths:polished_aridrock_stairs":247,"cfm:light_gray_kitchen_drawer":1,"quark:acacia_ladder":7,"quark:oak_vertical_slab":95,"fantasyfurniture:nordic/chest":9,"cfm:stripped_jungle_upgraded_fence":42,"cfm:dark_oak_table":18,"advancednetherite:netherite_iron_block":5,"minecraft:white_stained_glass_pane":7,"outer_end:azure_door":2,"cfm:stripped_oak_park_bench":3,"create:gantry_shaft":2,"cfm:dark_oak_mail_box":2,"minecraft:light_gray_bed":12,"create:copper_ore":6,"cfm:yellow_kitchen_counter":24,"create:gearshift":2,"cfm:jungle_mail_box":1,"quark:sandstone_bricks":446,"minecraft:quartz_bricks":20,"create:limestone_bricks":439,"argentinas_delight:costillasdechancho":1,"quark:myalite_pillar":317,"fantasyfurniture:nordic/stool":2,"quark:red_candle":23,"create:brass_block":5,"cfm:stripped_birch_cabinet":2,"quark:brown_framed_glass_pane":6,"minecraft:cobblestone_stairs":197,"quark:jasper_bricks":329,"farmersdelight:skillet":11,"minecraft:snow_block":5,"quark:white_stained_planks":355,"securitycraft:reinforced_cobblestone":71,"cfm:black_kitchen_sink":5,"createaddition:connector":13,"comforts:sleeping_bag_black":2,"minecraft:polished_andesite":1059,"minecraft:red_nether_bricks":381,"fantasyfurniture:decorations/coin_stack_iron":3,"minecraft:blue_wool":86,"quark:abacus":26,"createaddition:accumulator":10,"fantasyfurniture:venthyr/chest":2,"steampowered:bronze_flywheel":9,"cfm:crimson_chair":26,"minecraft:green_bed":12,"cfm:stripped_dark_oak_desk_cabinet":2,"steampowered:steel_cogwheel":4,"cfm:stripped_acacia_chair":4,"fantasyfurniture:venthyr/carpet":35,"cfm:yellow_kitchen_sink":4,"minecraft:magenta_stained_glass":9,"argentinas_delight:pava":1,"quark:chiseled_diorite_bricks":11,"minecraft:cobblestone_slab":44,"fantasyfurniture:nordic/door_single":24,"untamedwilds:flora_common_reed":60,"quark:gray_stool":2,"darkerdepths:aridrock_speleothem":4,"quark:deepslate_tiles_slab":83,"customnpcs:npcborder":2,"untamedwilds:spawn_snake":6,"bygonenether:warped_nether_brick_vertical_slab":78,"cfm:light_gray_kitchen_sink":2,"minecraft:stripped_dark_oak_log":195,"culturaldelights:avocado_sapling":5,"quark:light_gray_stained_planks_stairs":27,"quark:charred_nether_bricks":830,"quark:blue_stained_planks_stairs":159,"minecraft:magenta_bed":30,"minecraft:red_mushroom":2,"quark:deepslate_bricks_slab":472,"quark:blackstone_bricks":1,"fantasyfurniture:decorations/muffins_blueberry":1,"create:schematicannon":3,"mowziesmobs:thatch_block":157,"fantasyfurniture:venthyr/cushion":12,"minecraft:infested_stone_bricks":292,"minecraft:smoker":23,"minecraft:dark_oak_door":12,"advancednetherite:netherite_iron_sword":3,"minecraft:cyan_stained_glass":17,"argentinas_delight:maderadeestructura":16,"cfm:stripped_acacia_upgraded_fence":24,"minecraft:purple_stained_glass":15,"unusualend:chorus_nest_planks_door":2,"createaddition:alternator":6,"minecraft:netherite_block":4,"minecraft:flower_pot":5,"securitycraft:reinforced_lever":1,"quark:purple_candle":19,"fantasyfurniture:nordic/wardrobe_top":15,"create:mechanical_press":1,"create:dolomite_pillar":32,"quark:deepslate_bricks_wall":25,"create:windmill_bearing":10,"minecraft:command_block":5,"minecraft:map":3,"quark:oak_hedge":32,"quark:polished_myalite":180,"quark:limestone_wall":4,"cfm:fridge_dark":1,"quark:midori_block_slab":100,"minecraft:stone_slab":48,"quark:midori_block_stairs":16,"minecraft:yellow_wool":1,"cfm:stripped_acacia_desk":4,"minecraft:stone_axe":15,"quark:vanilla_basalt_bricks":1,"comforts:rope_and_nail":9,"cfm:granite_table":11,"createaddition:heater":2,"minecraft:fishing_rod":2,"minecraft:cod_spawn_egg":8,"cfm:stripped_birch_kitchen_counter":45,"quark:diorite_bricks":340,"mca:wall_headstone":1,"create:scoria_bricks_slab":139,"fantasyfurniture:nordic/bed_single":8,"minecraft:cyan_stained_glass_pane":12,"fantasyfurniture:venthyr/sofa":63,"farmersdelight:red_canvas_sign":9,"quark:spruce_ladder":4,"quark:polished_marble":868,"minecraft:bucket":122,"minecraft:grass_path":197,"fantasyfurniture:decorations/coin_stack_gold":7,"alexsmobs:spawn_egg_gazelle":3,"minecraft:sea_pickle":3,"pizzacraft:mortar_and_pestle":1,"alexsmobs:animal_dictionary":2,"quark:polished_limestone_stairs":200,"darkerdepths:polished_aridrock":126,"phantasm:pream_door":1,"xercamusic:music_box":1,"quark:red_blossom_sapling":1,"create:limesand":5,"minecraft:splash_potion":15,"fantasyfurniture:decorations/venthyr/food_0":6,"minecraft:birch_stairs":32,"advancednetherite:netherite_emerald_block":6}},"DataVersion":2586}