{"stats":{"minecraft:killed":{"specialmobs:waterspider":1,"specialmobs:brutewitherskeleton":1,"minecraft:endermite":1,"sons_of_sins:bloody_butcher":1},"minecraft:used":{"minecraft:oak_log":1,"minecraft:water_bucket":14,"sons_of_sins:rotten_apple":2,"advancednetherite:netherite_diamond_sword":11,"minecraft:netherite_sword":9,"minecraft:daylight_detector":1,"farmersdelight:skillet":8,"minecraft:grass_block":21,"create:dolomite":11,"untamedwilds:aardvark_spawn_egg":6,"minecraft:ender_pearl":35,"minecraft:stone":10,"minecraft:iron_door":3,"vehicle:vehicle_crate":2,"securitycraft:scanner_door_item":1,"xercamusic:piano":1,"securitycraft:sentry":1,"untamedwilds:spawn_snake":20,"simpleplanes:plane":1,"elevatorid:elevator_black":6,"minecraft:dirt":19,"minecraft:soul_sand":3,"bygonenether:warped_ender_pearl":6,"minecraft:iron_trapdoor":4,"securitycraft:keypad_item":5,"vehicle:gas_pump":1,"securitycraft:cage_trap":3,"specialmobs:brutewitherskeleton_spawn_egg":2,"securitycraft:furnace_mine":8,"securitycraft:retinal_scanner":2,"specialmobs:babycavespider_spawn_egg":6},"minecraft:custom":{"minecraft:time_since_rest":50916,"minecraft:waystone_activated":1,"minecraft:sprint_one_cm":39584,"minecraft:walk_one_cm":59349,"minecraft:mob_kills":5,"minecraft:drop":6,"minecraft:damage_dealt":2304,"minecraft:fly_one_cm":244331,"minecraft:crouch_one_cm":1056,"minecraft:play_one_minute":50916,"tombstone:undead_killed":2,"minecraft:sneak_time":1223,"minecraft:walk_under_water_one_cm":16658,"minecraft:jump":331,"minecraft:leave_game":1,"minecraft:walk_on_water_one_cm":5249,"minecraft:time_since_death":50916},"minecraft:picked_up":{"minecraft:stick":9,"minecraft:wheat":8,"advancednetherite:netherite_diamond_sword":1,"securitycraft:keypad_item":2,"sons_of_sins:bloody_bone":8,"minecraft:salmon":1,"sons_of_sins:butcher_carcass":2,"mca:book_rose_gold":1,"ccam:poncho":1,"farmersdelight:skillet":1,"untamedwilds:material_snake_skin":1,"securitycraft:sentry":1,"untamedwilds:food_turtle_raw":1,"sons_of_sins:rotten_apple":1,"untamedwilds:egg_snake":3,"minecraft:arrow":1,"minecraft:rotten_flesh":2,"minecraft:bow":1,"minecraft:wheat_seeds":4,"minecraft:rabbit_hide":1,"minecraft:golden_apple":59,"farmersdelight:stove":1,"minecraft:cod":2},"minecraft:dropped":{"minecraft:porkchop":64,"minecraft:arrow":1,"minecraft:bow":1,"ccam:halo":1,"mca:book_rose_gold":1,"minecraft:golden_apple":59}},"DataVersion":2586}